--
-- PostgreSQL database dump
--

-- Dumped from database version 11.5
-- Dumped by pg_dump version 11.5

SET statement_timeout = 0;
SET lock_timeout = 0;
SET idle_in_transaction_session_timeout = 0;
SET client_encoding = 'UTF8';
SET standard_conforming_strings = on;
SELECT pg_catalog.set_config('search_path', '', false);
SET check_function_bodies = false;
SET xmloption = content;
SET client_min_messages = warning;
SET row_security = off;

SET default_tablespace = '';

SET default_with_oids = false;

--
-- Name: auth_group; Type: TABLE; Schema: public; Owner: alina
--

CREATE TABLE public.auth_group (
    id integer NOT NULL,
    name character varying(150) NOT NULL
);


ALTER TABLE public.auth_group OWNER TO alina;

--
-- Name: auth_group_id_seq; Type: SEQUENCE; Schema: public; Owner: alina
--

CREATE SEQUENCE public.auth_group_id_seq
    AS integer
    START WITH 1
    INCREMENT BY 1
    NO MINVALUE
    NO MAXVALUE
    CACHE 1;


ALTER TABLE public.auth_group_id_seq OWNER TO alina;

--
-- Name: auth_group_id_seq; Type: SEQUENCE OWNED BY; Schema: public; Owner: alina
--

ALTER SEQUENCE public.auth_group_id_seq OWNED BY public.auth_group.id;


--
-- Name: auth_group_permissions; Type: TABLE; Schema: public; Owner: alina
--

CREATE TABLE public.auth_group_permissions (
    id integer NOT NULL,
    group_id integer NOT NULL,
    permission_id integer NOT NULL
);


ALTER TABLE public.auth_group_permissions OWNER TO alina;

--
-- Name: auth_group_permissions_id_seq; Type: SEQUENCE; Schema: public; Owner: alina
--

CREATE SEQUENCE public.auth_group_permissions_id_seq
    AS integer
    START WITH 1
    INCREMENT BY 1
    NO MINVALUE
    NO MAXVALUE
    CACHE 1;


ALTER TABLE public.auth_group_permissions_id_seq OWNER TO alina;

--
-- Name: auth_group_permissions_id_seq; Type: SEQUENCE OWNED BY; Schema: public; Owner: alina
--

ALTER SEQUENCE public.auth_group_permissions_id_seq OWNED BY public.auth_group_permissions.id;


--
-- Name: auth_permission; Type: TABLE; Schema: public; Owner: alina
--

CREATE TABLE public.auth_permission (
    id integer NOT NULL,
    name character varying(255) NOT NULL,
    content_type_id integer NOT NULL,
    codename character varying(100) NOT NULL
);


ALTER TABLE public.auth_permission OWNER TO alina;

--
-- Name: auth_permission_id_seq; Type: SEQUENCE; Schema: public; Owner: alina
--

CREATE SEQUENCE public.auth_permission_id_seq
    AS integer
    START WITH 1
    INCREMENT BY 1
    NO MINVALUE
    NO MAXVALUE
    CACHE 1;


ALTER TABLE public.auth_permission_id_seq OWNER TO alina;

--
-- Name: auth_permission_id_seq; Type: SEQUENCE OWNED BY; Schema: public; Owner: alina
--

ALTER SEQUENCE public.auth_permission_id_seq OWNED BY public.auth_permission.id;


--
-- Name: auth_user; Type: TABLE; Schema: public; Owner: alina
--

CREATE TABLE public.auth_user (
    id integer NOT NULL,
    password character varying(128) NOT NULL,
    last_login timestamp with time zone,
    is_superuser boolean NOT NULL,
    username character varying(150) NOT NULL,
    first_name character varying(30) NOT NULL,
    last_name character varying(150) NOT NULL,
    email character varying(254) NOT NULL,
    is_staff boolean NOT NULL,
    is_active boolean NOT NULL,
    date_joined timestamp with time zone NOT NULL
);


ALTER TABLE public.auth_user OWNER TO alina;

--
-- Name: auth_user_groups; Type: TABLE; Schema: public; Owner: alina
--

CREATE TABLE public.auth_user_groups (
    id integer NOT NULL,
    user_id integer NOT NULL,
    group_id integer NOT NULL
);


ALTER TABLE public.auth_user_groups OWNER TO alina;

--
-- Name: auth_user_groups_id_seq; Type: SEQUENCE; Schema: public; Owner: alina
--

CREATE SEQUENCE public.auth_user_groups_id_seq
    AS integer
    START WITH 1
    INCREMENT BY 1
    NO MINVALUE
    NO MAXVALUE
    CACHE 1;


ALTER TABLE public.auth_user_groups_id_seq OWNER TO alina;

--
-- Name: auth_user_groups_id_seq; Type: SEQUENCE OWNED BY; Schema: public; Owner: alina
--

ALTER SEQUENCE public.auth_user_groups_id_seq OWNED BY public.auth_user_groups.id;


--
-- Name: auth_user_id_seq; Type: SEQUENCE; Schema: public; Owner: alina
--

CREATE SEQUENCE public.auth_user_id_seq
    AS integer
    START WITH 1
    INCREMENT BY 1
    NO MINVALUE
    NO MAXVALUE
    CACHE 1;


ALTER TABLE public.auth_user_id_seq OWNER TO alina;

--
-- Name: auth_user_id_seq; Type: SEQUENCE OWNED BY; Schema: public; Owner: alina
--

ALTER SEQUENCE public.auth_user_id_seq OWNED BY public.auth_user.id;


--
-- Name: auth_user_user_permissions; Type: TABLE; Schema: public; Owner: alina
--

CREATE TABLE public.auth_user_user_permissions (
    id integer NOT NULL,
    user_id integer NOT NULL,
    permission_id integer NOT NULL
);


ALTER TABLE public.auth_user_user_permissions OWNER TO alina;

--
-- Name: auth_user_user_permissions_id_seq; Type: SEQUENCE; Schema: public; Owner: alina
--

CREATE SEQUENCE public.auth_user_user_permissions_id_seq
    AS integer
    START WITH 1
    INCREMENT BY 1
    NO MINVALUE
    NO MAXVALUE
    CACHE 1;


ALTER TABLE public.auth_user_user_permissions_id_seq OWNER TO alina;

--
-- Name: auth_user_user_permissions_id_seq; Type: SEQUENCE OWNED BY; Schema: public; Owner: alina
--

ALTER SEQUENCE public.auth_user_user_permissions_id_seq OWNED BY public.auth_user_user_permissions.id;


--
-- Name: client; Type: TABLE; Schema: public; Owner: alina
--

CREATE TABLE public.client (
    id integer NOT NULL,
    full_name character varying(60) NOT NULL,
    gender character varying(20),
    address character varying(60) NOT NULL,
    bank_card_id bigint,
    status character varying(50) NOT NULL,
    phone_number bigint,
    user_id integer NOT NULL
);


ALTER TABLE public.client OWNER TO alina;

--
-- Name: client_id_seq; Type: SEQUENCE; Schema: public; Owner: alina
--

CREATE SEQUENCE public.client_id_seq
    AS integer
    START WITH 1
    INCREMENT BY 1
    NO MINVALUE
    NO MAXVALUE
    CACHE 1;


ALTER TABLE public.client_id_seq OWNER TO alina;

--
-- Name: client_id_seq; Type: SEQUENCE OWNED BY; Schema: public; Owner: alina
--

ALTER SEQUENCE public.client_id_seq OWNED BY public.client.id;


--
-- Name: discount; Type: TABLE; Schema: public; Owner: alina
--

CREATE TABLE public.discount (
    id integer NOT NULL,
    percent integer NOT NULL,
    discount_type character varying(40) NOT NULL
);


ALTER TABLE public.discount OWNER TO alina;

--
-- Name: discount_id_seq; Type: SEQUENCE; Schema: public; Owner: alina
--

CREATE SEQUENCE public.discount_id_seq
    AS integer
    START WITH 1
    INCREMENT BY 1
    NO MINVALUE
    NO MAXVALUE
    CACHE 1;


ALTER TABLE public.discount_id_seq OWNER TO alina;

--
-- Name: discount_id_seq; Type: SEQUENCE OWNED BY; Schema: public; Owner: alina
--

ALTER SEQUENCE public.discount_id_seq OWNED BY public.discount.id;


--
-- Name: django_admin_log; Type: TABLE; Schema: public; Owner: alina
--

CREATE TABLE public.django_admin_log (
    id integer NOT NULL,
    action_time timestamp with time zone NOT NULL,
    object_id text,
    object_repr character varying(200) NOT NULL,
    action_flag smallint NOT NULL,
    change_message text NOT NULL,
    content_type_id integer,
    user_id integer NOT NULL,
    CONSTRAINT django_admin_log_action_flag_check CHECK ((action_flag >= 0))
);


ALTER TABLE public.django_admin_log OWNER TO alina;

--
-- Name: django_admin_log_id_seq; Type: SEQUENCE; Schema: public; Owner: alina
--

CREATE SEQUENCE public.django_admin_log_id_seq
    AS integer
    START WITH 1
    INCREMENT BY 1
    NO MINVALUE
    NO MAXVALUE
    CACHE 1;


ALTER TABLE public.django_admin_log_id_seq OWNER TO alina;

--
-- Name: django_admin_log_id_seq; Type: SEQUENCE OWNED BY; Schema: public; Owner: alina
--

ALTER SEQUENCE public.django_admin_log_id_seq OWNED BY public.django_admin_log.id;


--
-- Name: django_content_type; Type: TABLE; Schema: public; Owner: alina
--

CREATE TABLE public.django_content_type (
    id integer NOT NULL,
    app_label character varying(100) NOT NULL,
    model character varying(100) NOT NULL
);


ALTER TABLE public.django_content_type OWNER TO alina;

--
-- Name: django_content_type_id_seq; Type: SEQUENCE; Schema: public; Owner: alina
--

CREATE SEQUENCE public.django_content_type_id_seq
    AS integer
    START WITH 1
    INCREMENT BY 1
    NO MINVALUE
    NO MAXVALUE
    CACHE 1;


ALTER TABLE public.django_content_type_id_seq OWNER TO alina;

--
-- Name: django_content_type_id_seq; Type: SEQUENCE OWNED BY; Schema: public; Owner: alina
--

ALTER SEQUENCE public.django_content_type_id_seq OWNED BY public.django_content_type.id;


--
-- Name: django_migrations; Type: TABLE; Schema: public; Owner: alina
--

CREATE TABLE public.django_migrations (
    id integer NOT NULL,
    app character varying(255) NOT NULL,
    name character varying(255) NOT NULL,
    applied timestamp with time zone NOT NULL
);


ALTER TABLE public.django_migrations OWNER TO alina;

--
-- Name: django_migrations_id_seq; Type: SEQUENCE; Schema: public; Owner: alina
--

CREATE SEQUENCE public.django_migrations_id_seq
    AS integer
    START WITH 1
    INCREMENT BY 1
    NO MINVALUE
    NO MAXVALUE
    CACHE 1;


ALTER TABLE public.django_migrations_id_seq OWNER TO alina;

--
-- Name: django_migrations_id_seq; Type: SEQUENCE OWNED BY; Schema: public; Owner: alina
--

ALTER SEQUENCE public.django_migrations_id_seq OWNED BY public.django_migrations.id;


--
-- Name: django_session; Type: TABLE; Schema: public; Owner: alina
--

CREATE TABLE public.django_session (
    session_key character varying(40) NOT NULL,
    session_data text NOT NULL,
    expire_date timestamp with time zone NOT NULL
);


ALTER TABLE public.django_session OWNER TO alina;

--
-- Name: order; Type: TABLE; Schema: public; Owner: alina
--

CREATE TABLE public."order" (
    id integer NOT NULL,
    sum_total integer NOT NULL,
    client_id_id integer NOT NULL,
    prod_id_id integer NOT NULL
);


ALTER TABLE public."order" OWNER TO alina;

--
-- Name: order_id_seq; Type: SEQUENCE; Schema: public; Owner: alina
--

CREATE SEQUENCE public.order_id_seq
    AS integer
    START WITH 1
    INCREMENT BY 1
    NO MINVALUE
    NO MAXVALUE
    CACHE 1;


ALTER TABLE public.order_id_seq OWNER TO alina;

--
-- Name: order_id_seq; Type: SEQUENCE OWNED BY; Schema: public; Owner: alina
--

ALTER SEQUENCE public.order_id_seq OWNED BY public."order".id;


--
-- Name: product; Type: TABLE; Schema: public; Owner: alina
--

CREATE TABLE public.product (
    id integer NOT NULL,
    color character varying(40) NOT NULL,
    price integer NOT NULL,
    availability boolean NOT NULL,
    pr_type character varying(50) NOT NULL,
    size integer NOT NULL
);


ALTER TABLE public.product OWNER TO alina;

--
-- Name: product_discount; Type: TABLE; Schema: public; Owner: alina
--

CREATE TABLE public.product_discount (
    id integer NOT NULL,
    exp_date date NOT NULL,
    disc_id_id integer NOT NULL,
    prod_id_id integer NOT NULL
);


ALTER TABLE public.product_discount OWNER TO alina;

--
-- Name: product_discount_id_seq; Type: SEQUENCE; Schema: public; Owner: alina
--

CREATE SEQUENCE public.product_discount_id_seq
    AS integer
    START WITH 1
    INCREMENT BY 1
    NO MINVALUE
    NO MAXVALUE
    CACHE 1;


ALTER TABLE public.product_discount_id_seq OWNER TO alina;

--
-- Name: product_discount_id_seq; Type: SEQUENCE OWNED BY; Schema: public; Owner: alina
--

ALTER SEQUENCE public.product_discount_id_seq OWNED BY public.product_discount.id;


--
-- Name: product_id_seq; Type: SEQUENCE; Schema: public; Owner: alina
--

CREATE SEQUENCE public.product_id_seq
    AS integer
    START WITH 1
    INCREMENT BY 1
    NO MINVALUE
    NO MAXVALUE
    CACHE 1;


ALTER TABLE public.product_id_seq OWNER TO alina;

--
-- Name: product_id_seq; Type: SEQUENCE OWNED BY; Schema: public; Owner: alina
--

ALTER SEQUENCE public.product_id_seq OWNED BY public.product.id;


--
-- Name: auth_group id; Type: DEFAULT; Schema: public; Owner: alina
--

ALTER TABLE ONLY public.auth_group ALTER COLUMN id SET DEFAULT nextval('public.auth_group_id_seq'::regclass);


--
-- Name: auth_group_permissions id; Type: DEFAULT; Schema: public; Owner: alina
--

ALTER TABLE ONLY public.auth_group_permissions ALTER COLUMN id SET DEFAULT nextval('public.auth_group_permissions_id_seq'::regclass);


--
-- Name: auth_permission id; Type: DEFAULT; Schema: public; Owner: alina
--

ALTER TABLE ONLY public.auth_permission ALTER COLUMN id SET DEFAULT nextval('public.auth_permission_id_seq'::regclass);


--
-- Name: auth_user id; Type: DEFAULT; Schema: public; Owner: alina
--

ALTER TABLE ONLY public.auth_user ALTER COLUMN id SET DEFAULT nextval('public.auth_user_id_seq'::regclass);


--
-- Name: auth_user_groups id; Type: DEFAULT; Schema: public; Owner: alina
--

ALTER TABLE ONLY public.auth_user_groups ALTER COLUMN id SET DEFAULT nextval('public.auth_user_groups_id_seq'::regclass);


--
-- Name: auth_user_user_permissions id; Type: DEFAULT; Schema: public; Owner: alina
--

ALTER TABLE ONLY public.auth_user_user_permissions ALTER COLUMN id SET DEFAULT nextval('public.auth_user_user_permissions_id_seq'::regclass);


--
-- Name: client id; Type: DEFAULT; Schema: public; Owner: alina
--

ALTER TABLE ONLY public.client ALTER COLUMN id SET DEFAULT nextval('public.client_id_seq'::regclass);


--
-- Name: discount id; Type: DEFAULT; Schema: public; Owner: alina
--

ALTER TABLE ONLY public.discount ALTER COLUMN id SET DEFAULT nextval('public.discount_id_seq'::regclass);


--
-- Name: django_admin_log id; Type: DEFAULT; Schema: public; Owner: alina
--

ALTER TABLE ONLY public.django_admin_log ALTER COLUMN id SET DEFAULT nextval('public.django_admin_log_id_seq'::regclass);


--
-- Name: django_content_type id; Type: DEFAULT; Schema: public; Owner: alina
--

ALTER TABLE ONLY public.django_content_type ALTER COLUMN id SET DEFAULT nextval('public.django_content_type_id_seq'::regclass);


--
-- Name: django_migrations id; Type: DEFAULT; Schema: public; Owner: alina
--

ALTER TABLE ONLY public.django_migrations ALTER COLUMN id SET DEFAULT nextval('public.django_migrations_id_seq'::regclass);


--
-- Name: order id; Type: DEFAULT; Schema: public; Owner: alina
--

ALTER TABLE ONLY public."order" ALTER COLUMN id SET DEFAULT nextval('public.order_id_seq'::regclass);


--
-- Name: product id; Type: DEFAULT; Schema: public; Owner: alina
--

ALTER TABLE ONLY public.product ALTER COLUMN id SET DEFAULT nextval('public.product_id_seq'::regclass);


--
-- Name: product_discount id; Type: DEFAULT; Schema: public; Owner: alina
--

ALTER TABLE ONLY public.product_discount ALTER COLUMN id SET DEFAULT nextval('public.product_discount_id_seq'::regclass);


--
-- Data for Name: auth_group; Type: TABLE DATA; Schema: public; Owner: alina
--

COPY public.auth_group (id, name) FROM stdin;
1	Clients
\.


--
-- Data for Name: auth_group_permissions; Type: TABLE DATA; Schema: public; Owner: alina
--

COPY public.auth_group_permissions (id, group_id, permission_id) FROM stdin;
1	1	41
2	1	42
3	1	43
4	1	44
\.


--
-- Data for Name: auth_permission; Type: TABLE DATA; Schema: public; Owner: alina
--

COPY public.auth_permission (id, name, content_type_id, codename) FROM stdin;
1	Can add log entry	1	add_logentry
2	Can change log entry	1	change_logentry
3	Can delete log entry	1	delete_logentry
4	Can view log entry	1	view_logentry
5	Can add permission	2	add_permission
6	Can change permission	2	change_permission
7	Can delete permission	2	delete_permission
8	Can view permission	2	view_permission
9	Can add group	3	add_group
10	Can change group	3	change_group
11	Can delete group	3	delete_group
12	Can view group	3	view_group
13	Can add user	4	add_user
14	Can change user	4	change_user
15	Can delete user	4	delete_user
16	Can view user	4	view_user
17	Can add content type	5	add_contenttype
18	Can change content type	5	change_contenttype
19	Can delete content type	5	delete_contenttype
20	Can view content type	5	view_contenttype
21	Can add session	6	add_session
22	Can change session	6	change_session
23	Can delete session	6	delete_session
24	Can view session	6	view_session
25	Can add product discount	7	add_productdiscount
26	Can change product discount	7	change_productdiscount
27	Can delete product discount	7	delete_productdiscount
28	Can view product discount	7	view_productdiscount
29	Can add client	8	add_client
30	Can change client	8	change_client
31	Can delete client	8	delete_client
32	Can view client	8	view_client
33	Can add product	9	add_product
34	Can change product	9	change_product
35	Can delete product	9	delete_product
36	Can view product	9	view_product
37	Can add discount	10	add_discount
38	Can change discount	10	change_discount
39	Can delete discount	10	delete_discount
40	Can view discount	10	view_discount
41	Can add order	11	add_order
42	Can change order	11	change_order
43	Can delete order	11	delete_order
44	Can view order	11	view_order
\.


--
-- Data for Name: auth_user; Type: TABLE DATA; Schema: public; Owner: alina
--

COPY public.auth_user (id, password, last_login, is_superuser, username, first_name, last_name, email, is_staff, is_active, date_joined) FROM stdin;
66	pbkdf2_sha256$180000$4yKYGK4ujOd1$K6SbKzhiFshRZwXe3x3pl1Vlln+Ld+HNj/9xiFh6s2I=	2020-01-09 18:41:04.202375+03	f	danila			danila@gmail.com	f	t	2020-01-09 15:29:49.280695+03
1	pbkdf2_sha256$180000$uwdTPfTuM3Vy$ieMuTgm3OLB45SelGATK5owv41FPyOqoWcyd0eYqzvE=	2020-01-09 18:53:56.463701+03	t	alina			aalnemykina11400@gmail.com	t	t	2020-01-06 04:33:37.456698+03
68	nadezhdapassword	\N	f	nadezhda			nadezhda@gmail.com	f	t	2020-01-09 21:26:13.251075+03
65	pbkdf2_sha256$180000$DtDKlMHLTv0R$73GO1VV8qgbqwRnCnyQvv7EkP16igXNwwPaTatvi0+k=	2020-01-09 22:42:55.264763+03	f	gleb			gleb@gmail.com	f	t	2020-01-09 15:10:42.036683+03
67	pbkdf2_sha256$180000$nC6Uqf5sUFcW$v+isV75fqGunwbrIZoFg4ZA84iQTnZkAmEO/v0dLewY=	2020-01-09 17:28:04.279644+03	f	egor			egor@gmail.com	f	t	2020-01-09 15:33:01.515873+03
\.


--
-- Data for Name: auth_user_groups; Type: TABLE DATA; Schema: public; Owner: alina
--

COPY public.auth_user_groups (id, user_id, group_id) FROM stdin;
\.


--
-- Data for Name: auth_user_user_permissions; Type: TABLE DATA; Schema: public; Owner: alina
--

COPY public.auth_user_user_permissions (id, user_id, permission_id) FROM stdin;
\.


--
-- Data for Name: client; Type: TABLE DATA; Schema: public; Owner: alina
--

COPY public.client (id, full_name, gender, address, bank_card_id, status, phone_number, user_id) FROM stdin;
107	Кемыкин Данила Игоревич	male	г. Белгород, ул. Есенина, д.46, кв.104	4678543678906425	Новый	89504675432	66
1	Немыкина Алина Николаевна	female	г. Белгород, ул. Есенина, д.32, кв.1	4783657483950382	Постоянный	89034756382	1
109	Неныкина Надежда Николаевна	female	г. Белгород, ул. Есенина, д.51, кв.124	4783630917253647	Новый	89064673847	68
106	Ненемыкин Глеб Александрович	male	г. Белгород, ул. Есенина, д.26, кв.19	4758390183485938	Новый	89997385548	65
108	Семыкин Егор Максимович	male	г. Белгород, ул. Есенина, д.40, кв.100	4675478905436754	Новый	89046743460	67
\.


--
-- Data for Name: discount; Type: TABLE DATA; Schema: public; Owner: alina
--

COPY public.discount (id, percent, discount_type) FROM stdin;
1	15	Сезонная
\.


--
-- Data for Name: django_admin_log; Type: TABLE DATA; Schema: public; Owner: alina
--

COPY public.django_admin_log (id, action_time, object_id, object_repr, action_flag, change_message, content_type_id, user_id) FROM stdin;
1	2020-01-06 04:54:48.104041+03	1	Сезонная	1	[{"added": {}}]	10	1
2	2020-01-06 04:56:15.540821+03	1	Пальто	1	[{"added": {}}]	9	1
3	2020-01-06 04:56:48.674226+03	2	Рубашка	1	[{"added": {}}]	9	1
4	2020-01-06 04:57:14.981368+03	3	Свитер	1	[{"added": {}}]	9	1
5	2020-01-06 04:58:54.043628+03	1	ProductDiscount object (1)	1	[{"added": {}}]	7	1
6	2020-01-06 05:12:49.72807+03	1	Clients	1	[{"added": {}}]	3	1
7	2020-01-07 02:31:05.9186+03	1	Немыкина Алина Николаевна	2	[{"changed": {"fields": ["Status"]}}]	8	1
8	2020-01-08 17:17:08.288228+03	4	Пальто	1	[{"added": {}}]	9	1
9	2020-01-08 17:19:52.145096+03	4	Шуба	2	[{"changed": {"fields": ["Price", "Pr type"]}}]	9	1
10	2020-01-09 00:59:08.169642+03	13	anna	1	[{"added": {}}]	4	1
11	2020-01-09 01:00:39.295616+03	13	anna	3		4	1
12	2020-01-09 01:01:00.965285+03	14	anna	1	[{"added": {}}]	4	1
13	2020-01-09 01:01:17.887514+03	14	anna	3		4	1
14	2020-01-09 01:01:35.891652+03	15	anna	1	[{"added": {}}]	4	1
15	2020-01-09 01:01:48.1817+03	15	anna	3		4	1
16	2020-01-09 01:02:17.014812+03	16	anna	1	[{"added": {}}]	4	1
17	2020-01-09 01:02:32.890608+03	16	anna	3		4	1
18	2020-01-09 01:02:52.627733+03	17	anna	1	[{"added": {}}]	4	1
19	2020-01-09 01:03:04.629222+03	17	anna	3		4	1
20	2020-01-09 15:34:40.531289+03	106	Ненемыкин Глеб Александрович	2	[{"changed": {"fields": ["Full name", "Status"]}}]	8	1
21	2020-01-09 15:34:59.628882+03	107	Кемыкин Данила Игоревич	2	[{"changed": {"fields": ["Status"]}}]	8	1
22	2020-01-09 15:35:32.94257+03	1	Немыкина Алина Николаевна	2	[{"changed": {"fields": ["Full name"]}}]	8	1
23	2020-01-09 15:35:49.448939+03	105		3		8	1
24	2020-01-09 15:36:04.081126+03	72		3		8	1
25	2020-01-09 15:36:04.086127+03	55		3		8	1
26	2020-01-09 15:37:23.45684+03	64	andrey	3		4	1
27	2020-01-09 15:37:23.459841+03	25	anna	3		4	1
28	2020-01-09 15:37:23.460841+03	31	anton	3		4	1
29	2020-01-09 15:37:23.462841+03	12	maria	3		4	1
30	2020-01-09 15:37:23.464841+03	32	milana	3		4	1
31	2020-01-09 15:37:23.465841+03	42	nadezhda	3		4	1
32	2020-01-09 18:33:30.827896+03	5	Джинсы	1	[{"added": {}}]	9	1
33	2020-01-09 18:35:55.443777+03	6	Шорты	1	[{"added": {}}]	9	1
34	2020-01-09 18:36:38.827461+03	7	Юбка	1	[{"added": {}}]	9	1
35	2020-01-09 18:37:48.20392+03	8	Комбинезон	1	[{"added": {}}]	9	1
36	2020-01-09 18:40:41.850996+03	9	Джемпер	1	[{"added": {}}]	9	1
\.


--
-- Data for Name: django_content_type; Type: TABLE DATA; Schema: public; Owner: alina
--

COPY public.django_content_type (id, app_label, model) FROM stdin;
1	admin	logentry
2	auth	permission
3	auth	group
4	auth	user
5	contenttypes	contenttype
6	sessions	session
7	store	productdiscount
8	store	client
9	store	product
10	store	discount
11	store	order
\.


--
-- Data for Name: django_migrations; Type: TABLE DATA; Schema: public; Owner: alina
--

COPY public.django_migrations (id, app, name, applied) FROM stdin;
1	contenttypes	0001_initial	2020-01-06 04:26:03.05465+03
2	auth	0001_initial	2020-01-06 04:26:03.161029+03
3	admin	0001_initial	2020-01-06 04:26:03.321115+03
4	admin	0002_logentry_remove_auto_add	2020-01-06 04:26:03.353365+03
5	admin	0003_logentry_add_action_flag_choices	2020-01-06 04:26:03.366378+03
6	contenttypes	0002_remove_content_type_name	2020-01-06 04:26:03.39138+03
7	auth	0002_alter_permission_name_max_length	2020-01-06 04:26:03.398379+03
8	auth	0003_alter_user_email_max_length	2020-01-06 04:26:03.409385+03
9	auth	0004_alter_user_username_opts	2020-01-06 04:26:03.419386+03
10	auth	0005_alter_user_last_login_null	2020-01-06 04:26:03.430385+03
11	auth	0006_require_contenttypes_0002	2020-01-06 04:26:03.433382+03
12	auth	0007_alter_validators_add_error_messages	2020-01-06 04:26:03.445386+03
13	auth	0008_alter_user_username_max_length	2020-01-06 04:26:03.479186+03
14	auth	0009_alter_user_last_name_max_length	2020-01-06 04:26:03.494081+03
15	auth	0010_alter_group_name_max_length	2020-01-06 04:26:03.506094+03
16	auth	0011_update_proxy_permissions	2020-01-06 04:26:03.517083+03
17	sessions	0001_initial	2020-01-06 04:26:03.537998+03
18	store	0001_initial	2020-01-06 04:31:20.617017+03
\.


--
-- Data for Name: django_session; Type: TABLE DATA; Schema: public; Owner: alina
--

COPY public.django_session (session_key, session_data, expire_date) FROM stdin;
gvolqqz0ddmxowbe6monw93g8ngtt117	MTNiZTQ2NWU1MThjZWE1ODg5OTlmZjE0ODdmMjM4Y2U1ZmMxNmVmYzp7Il9hdXRoX3VzZXJfaWQiOiI2NSIsIl9hdXRoX3VzZXJfYmFja2VuZCI6ImRqYW5nby5jb250cmliLmF1dGguYmFja2VuZHMuTW9kZWxCYWNrZW5kIiwiX2F1dGhfdXNlcl9oYXNoIjoiYjYxZDdjNDEzZGY4N2VlZDk1ODA5ZmExMTEyMzMzYjUyMDcxNGE1YiJ9	2020-01-23 22:42:55.300766+03
\.


--
-- Data for Name: order; Type: TABLE DATA; Schema: public; Owner: alina
--

COPY public."order" (id, sum_total, client_id_id, prod_id_id) FROM stdin;
1	2000	1	2
2	20000	1	4
3	3000	107	9
4	3500	107	5
5	4000	106	8
\.


--
-- Data for Name: product; Type: TABLE DATA; Schema: public; Owner: alina
--

COPY public.product (id, color, price, availability, pr_type, size) FROM stdin;
1	Чёрный	7000	t	Пальто	40
2	Розовый	2000	t	Рубашка	46
3	Красный	2000	t	Свитер	42
4	Серый	20000	t	Шуба	50
5	Голубой	3500	t	Джинсы	42
6	Зелёный	2000	t	Шорты	50
7	Бежевый	3000	t	Юбка	40
8	Серый	4000	t	Комбинезон	44
9	Лососевый	3000	t	Джемпер	44
\.


--
-- Data for Name: product_discount; Type: TABLE DATA; Schema: public; Owner: alina
--

COPY public.product_discount (id, exp_date, disc_id_id, prod_id_id) FROM stdin;
1	2020-03-31	1	2
\.


--
-- Name: auth_group_id_seq; Type: SEQUENCE SET; Schema: public; Owner: alina
--

SELECT pg_catalog.setval('public.auth_group_id_seq', 1, true);


--
-- Name: auth_group_permissions_id_seq; Type: SEQUENCE SET; Schema: public; Owner: alina
--

SELECT pg_catalog.setval('public.auth_group_permissions_id_seq', 4, true);


--
-- Name: auth_permission_id_seq; Type: SEQUENCE SET; Schema: public; Owner: alina
--

SELECT pg_catalog.setval('public.auth_permission_id_seq', 44, true);


--
-- Name: auth_user_groups_id_seq; Type: SEQUENCE SET; Schema: public; Owner: alina
--

SELECT pg_catalog.setval('public.auth_user_groups_id_seq', 1, false);


--
-- Name: auth_user_id_seq; Type: SEQUENCE SET; Schema: public; Owner: alina
--

SELECT pg_catalog.setval('public.auth_user_id_seq', 68, true);


--
-- Name: auth_user_user_permissions_id_seq; Type: SEQUENCE SET; Schema: public; Owner: alina
--

SELECT pg_catalog.setval('public.auth_user_user_permissions_id_seq', 1, false);


--
-- Name: client_id_seq; Type: SEQUENCE SET; Schema: public; Owner: alina
--

SELECT pg_catalog.setval('public.client_id_seq', 109, true);


--
-- Name: discount_id_seq; Type: SEQUENCE SET; Schema: public; Owner: alina
--

SELECT pg_catalog.setval('public.discount_id_seq', 1, true);


--
-- Name: django_admin_log_id_seq; Type: SEQUENCE SET; Schema: public; Owner: alina
--

SELECT pg_catalog.setval('public.django_admin_log_id_seq', 36, true);


--
-- Name: django_content_type_id_seq; Type: SEQUENCE SET; Schema: public; Owner: alina
--

SELECT pg_catalog.setval('public.django_content_type_id_seq', 11, true);


--
-- Name: django_migrations_id_seq; Type: SEQUENCE SET; Schema: public; Owner: alina
--

SELECT pg_catalog.setval('public.django_migrations_id_seq', 18, true);


--
-- Name: order_id_seq; Type: SEQUENCE SET; Schema: public; Owner: alina
--

SELECT pg_catalog.setval('public.order_id_seq', 5, true);


--
-- Name: product_discount_id_seq; Type: SEQUENCE SET; Schema: public; Owner: alina
--

SELECT pg_catalog.setval('public.product_discount_id_seq', 1, true);


--
-- Name: product_id_seq; Type: SEQUENCE SET; Schema: public; Owner: alina
--

SELECT pg_catalog.setval('public.product_id_seq', 9, true);


--
-- Name: auth_group auth_group_name_key; Type: CONSTRAINT; Schema: public; Owner: alina
--

ALTER TABLE ONLY public.auth_group
    ADD CONSTRAINT auth_group_name_key UNIQUE (name);


--
-- Name: auth_group_permissions auth_group_permissions_group_id_permission_id_0cd325b0_uniq; Type: CONSTRAINT; Schema: public; Owner: alina
--

ALTER TABLE ONLY public.auth_group_permissions
    ADD CONSTRAINT auth_group_permissions_group_id_permission_id_0cd325b0_uniq UNIQUE (group_id, permission_id);


--
-- Name: auth_group_permissions auth_group_permissions_pkey; Type: CONSTRAINT; Schema: public; Owner: alina
--

ALTER TABLE ONLY public.auth_group_permissions
    ADD CONSTRAINT auth_group_permissions_pkey PRIMARY KEY (id);


--
-- Name: auth_group auth_group_pkey; Type: CONSTRAINT; Schema: public; Owner: alina
--

ALTER TABLE ONLY public.auth_group
    ADD CONSTRAINT auth_group_pkey PRIMARY KEY (id);


--
-- Name: auth_permission auth_permission_content_type_id_codename_01ab375a_uniq; Type: CONSTRAINT; Schema: public; Owner: alina
--

ALTER TABLE ONLY public.auth_permission
    ADD CONSTRAINT auth_permission_content_type_id_codename_01ab375a_uniq UNIQUE (content_type_id, codename);


--
-- Name: auth_permission auth_permission_pkey; Type: CONSTRAINT; Schema: public; Owner: alina
--

ALTER TABLE ONLY public.auth_permission
    ADD CONSTRAINT auth_permission_pkey PRIMARY KEY (id);


--
-- Name: auth_user_groups auth_user_groups_pkey; Type: CONSTRAINT; Schema: public; Owner: alina
--

ALTER TABLE ONLY public.auth_user_groups
    ADD CONSTRAINT auth_user_groups_pkey PRIMARY KEY (id);


--
-- Name: auth_user_groups auth_user_groups_user_id_group_id_94350c0c_uniq; Type: CONSTRAINT; Schema: public; Owner: alina
--

ALTER TABLE ONLY public.auth_user_groups
    ADD CONSTRAINT auth_user_groups_user_id_group_id_94350c0c_uniq UNIQUE (user_id, group_id);


--
-- Name: auth_user auth_user_pkey; Type: CONSTRAINT; Schema: public; Owner: alina
--

ALTER TABLE ONLY public.auth_user
    ADD CONSTRAINT auth_user_pkey PRIMARY KEY (id);


--
-- Name: auth_user_user_permissions auth_user_user_permissions_pkey; Type: CONSTRAINT; Schema: public; Owner: alina
--

ALTER TABLE ONLY public.auth_user_user_permissions
    ADD CONSTRAINT auth_user_user_permissions_pkey PRIMARY KEY (id);


--
-- Name: auth_user_user_permissions auth_user_user_permissions_user_id_permission_id_14a6b632_uniq; Type: CONSTRAINT; Schema: public; Owner: alina
--

ALTER TABLE ONLY public.auth_user_user_permissions
    ADD CONSTRAINT auth_user_user_permissions_user_id_permission_id_14a6b632_uniq UNIQUE (user_id, permission_id);


--
-- Name: auth_user auth_user_username_key; Type: CONSTRAINT; Schema: public; Owner: alina
--

ALTER TABLE ONLY public.auth_user
    ADD CONSTRAINT auth_user_username_key UNIQUE (username);


--
-- Name: client client_pkey; Type: CONSTRAINT; Schema: public; Owner: alina
--

ALTER TABLE ONLY public.client
    ADD CONSTRAINT client_pkey PRIMARY KEY (id);


--
-- Name: client client_user_id_key; Type: CONSTRAINT; Schema: public; Owner: alina
--

ALTER TABLE ONLY public.client
    ADD CONSTRAINT client_user_id_key UNIQUE (user_id);


--
-- Name: discount discount_pkey; Type: CONSTRAINT; Schema: public; Owner: alina
--

ALTER TABLE ONLY public.discount
    ADD CONSTRAINT discount_pkey PRIMARY KEY (id);


--
-- Name: django_admin_log django_admin_log_pkey; Type: CONSTRAINT; Schema: public; Owner: alina
--

ALTER TABLE ONLY public.django_admin_log
    ADD CONSTRAINT django_admin_log_pkey PRIMARY KEY (id);


--
-- Name: django_content_type django_content_type_app_label_model_76bd3d3b_uniq; Type: CONSTRAINT; Schema: public; Owner: alina
--

ALTER TABLE ONLY public.django_content_type
    ADD CONSTRAINT django_content_type_app_label_model_76bd3d3b_uniq UNIQUE (app_label, model);


--
-- Name: django_content_type django_content_type_pkey; Type: CONSTRAINT; Schema: public; Owner: alina
--

ALTER TABLE ONLY public.django_content_type
    ADD CONSTRAINT django_content_type_pkey PRIMARY KEY (id);


--
-- Name: django_migrations django_migrations_pkey; Type: CONSTRAINT; Schema: public; Owner: alina
--

ALTER TABLE ONLY public.django_migrations
    ADD CONSTRAINT django_migrations_pkey PRIMARY KEY (id);


--
-- Name: django_session django_session_pkey; Type: CONSTRAINT; Schema: public; Owner: alina
--

ALTER TABLE ONLY public.django_session
    ADD CONSTRAINT django_session_pkey PRIMARY KEY (session_key);


--
-- Name: order order_pkey; Type: CONSTRAINT; Schema: public; Owner: alina
--

ALTER TABLE ONLY public."order"
    ADD CONSTRAINT order_pkey PRIMARY KEY (id);


--
-- Name: product_discount product_discount_pkey; Type: CONSTRAINT; Schema: public; Owner: alina
--

ALTER TABLE ONLY public.product_discount
    ADD CONSTRAINT product_discount_pkey PRIMARY KEY (id);


--
-- Name: product product_pkey; Type: CONSTRAINT; Schema: public; Owner: alina
--

ALTER TABLE ONLY public.product
    ADD CONSTRAINT product_pkey PRIMARY KEY (id);


--
-- Name: auth_group_name_a6ea08ec_like; Type: INDEX; Schema: public; Owner: alina
--

CREATE INDEX auth_group_name_a6ea08ec_like ON public.auth_group USING btree (name varchar_pattern_ops);


--
-- Name: auth_group_permissions_group_id_b120cbf9; Type: INDEX; Schema: public; Owner: alina
--

CREATE INDEX auth_group_permissions_group_id_b120cbf9 ON public.auth_group_permissions USING btree (group_id);


--
-- Name: auth_group_permissions_permission_id_84c5c92e; Type: INDEX; Schema: public; Owner: alina
--

CREATE INDEX auth_group_permissions_permission_id_84c5c92e ON public.auth_group_permissions USING btree (permission_id);


--
-- Name: auth_permission_content_type_id_2f476e4b; Type: INDEX; Schema: public; Owner: alina
--

CREATE INDEX auth_permission_content_type_id_2f476e4b ON public.auth_permission USING btree (content_type_id);


--
-- Name: auth_user_groups_group_id_97559544; Type: INDEX; Schema: public; Owner: alina
--

CREATE INDEX auth_user_groups_group_id_97559544 ON public.auth_user_groups USING btree (group_id);


--
-- Name: auth_user_groups_user_id_6a12ed8b; Type: INDEX; Schema: public; Owner: alina
--

CREATE INDEX auth_user_groups_user_id_6a12ed8b ON public.auth_user_groups USING btree (user_id);


--
-- Name: auth_user_user_permissions_permission_id_1fbb5f2c; Type: INDEX; Schema: public; Owner: alina
--

CREATE INDEX auth_user_user_permissions_permission_id_1fbb5f2c ON public.auth_user_user_permissions USING btree (permission_id);


--
-- Name: auth_user_user_permissions_user_id_a95ead1b; Type: INDEX; Schema: public; Owner: alina
--

CREATE INDEX auth_user_user_permissions_user_id_a95ead1b ON public.auth_user_user_permissions USING btree (user_id);


--
-- Name: auth_user_username_6821ab7c_like; Type: INDEX; Schema: public; Owner: alina
--

CREATE INDEX auth_user_username_6821ab7c_like ON public.auth_user USING btree (username varchar_pattern_ops);


--
-- Name: django_admin_log_content_type_id_c4bce8eb; Type: INDEX; Schema: public; Owner: alina
--

CREATE INDEX django_admin_log_content_type_id_c4bce8eb ON public.django_admin_log USING btree (content_type_id);


--
-- Name: django_admin_log_user_id_c564eba6; Type: INDEX; Schema: public; Owner: alina
--

CREATE INDEX django_admin_log_user_id_c564eba6 ON public.django_admin_log USING btree (user_id);


--
-- Name: django_session_expire_date_a5c62663; Type: INDEX; Schema: public; Owner: alina
--

CREATE INDEX django_session_expire_date_a5c62663 ON public.django_session USING btree (expire_date);


--
-- Name: django_session_session_key_c0390e0f_like; Type: INDEX; Schema: public; Owner: alina
--

CREATE INDEX django_session_session_key_c0390e0f_like ON public.django_session USING btree (session_key varchar_pattern_ops);


--
-- Name: order_client_id_id_560c33f7; Type: INDEX; Schema: public; Owner: alina
--

CREATE INDEX order_client_id_id_560c33f7 ON public."order" USING btree (client_id_id);


--
-- Name: order_prod_id_id_3ae6b777; Type: INDEX; Schema: public; Owner: alina
--

CREATE INDEX order_prod_id_id_3ae6b777 ON public."order" USING btree (prod_id_id);


--
-- Name: product_discount_disc_id_id_d47c27f9; Type: INDEX; Schema: public; Owner: alina
--

CREATE INDEX product_discount_disc_id_id_d47c27f9 ON public.product_discount USING btree (disc_id_id);


--
-- Name: product_discount_prod_id_id_bf9e4b52; Type: INDEX; Schema: public; Owner: alina
--

CREATE INDEX product_discount_prod_id_id_bf9e4b52 ON public.product_discount USING btree (prod_id_id);


--
-- Name: auth_group_permissions auth_group_permissio_permission_id_84c5c92e_fk_auth_perm; Type: FK CONSTRAINT; Schema: public; Owner: alina
--

ALTER TABLE ONLY public.auth_group_permissions
    ADD CONSTRAINT auth_group_permissio_permission_id_84c5c92e_fk_auth_perm FOREIGN KEY (permission_id) REFERENCES public.auth_permission(id) DEFERRABLE INITIALLY DEFERRED;


--
-- Name: auth_group_permissions auth_group_permissions_group_id_b120cbf9_fk_auth_group_id; Type: FK CONSTRAINT; Schema: public; Owner: alina
--

ALTER TABLE ONLY public.auth_group_permissions
    ADD CONSTRAINT auth_group_permissions_group_id_b120cbf9_fk_auth_group_id FOREIGN KEY (group_id) REFERENCES public.auth_group(id) DEFERRABLE INITIALLY DEFERRED;


--
-- Name: auth_permission auth_permission_content_type_id_2f476e4b_fk_django_co; Type: FK CONSTRAINT; Schema: public; Owner: alina
--

ALTER TABLE ONLY public.auth_permission
    ADD CONSTRAINT auth_permission_content_type_id_2f476e4b_fk_django_co FOREIGN KEY (content_type_id) REFERENCES public.django_content_type(id) DEFERRABLE INITIALLY DEFERRED;


--
-- Name: auth_user_groups auth_user_groups_group_id_97559544_fk_auth_group_id; Type: FK CONSTRAINT; Schema: public; Owner: alina
--

ALTER TABLE ONLY public.auth_user_groups
    ADD CONSTRAINT auth_user_groups_group_id_97559544_fk_auth_group_id FOREIGN KEY (group_id) REFERENCES public.auth_group(id) DEFERRABLE INITIALLY DEFERRED;


--
-- Name: auth_user_groups auth_user_groups_user_id_6a12ed8b_fk_auth_user_id; Type: FK CONSTRAINT; Schema: public; Owner: alina
--

ALTER TABLE ONLY public.auth_user_groups
    ADD CONSTRAINT auth_user_groups_user_id_6a12ed8b_fk_auth_user_id FOREIGN KEY (user_id) REFERENCES public.auth_user(id) DEFERRABLE INITIALLY DEFERRED;


--
-- Name: auth_user_user_permissions auth_user_user_permi_permission_id_1fbb5f2c_fk_auth_perm; Type: FK CONSTRAINT; Schema: public; Owner: alina
--

ALTER TABLE ONLY public.auth_user_user_permissions
    ADD CONSTRAINT auth_user_user_permi_permission_id_1fbb5f2c_fk_auth_perm FOREIGN KEY (permission_id) REFERENCES public.auth_permission(id) DEFERRABLE INITIALLY DEFERRED;


--
-- Name: auth_user_user_permissions auth_user_user_permissions_user_id_a95ead1b_fk_auth_user_id; Type: FK CONSTRAINT; Schema: public; Owner: alina
--

ALTER TABLE ONLY public.auth_user_user_permissions
    ADD CONSTRAINT auth_user_user_permissions_user_id_a95ead1b_fk_auth_user_id FOREIGN KEY (user_id) REFERENCES public.auth_user(id) DEFERRABLE INITIALLY DEFERRED;


--
-- Name: client client_user_id_af1c5063_fk_auth_user_id; Type: FK CONSTRAINT; Schema: public; Owner: alina
--

ALTER TABLE ONLY public.client
    ADD CONSTRAINT client_user_id_af1c5063_fk_auth_user_id FOREIGN KEY (user_id) REFERENCES public.auth_user(id) DEFERRABLE INITIALLY DEFERRED;


--
-- Name: django_admin_log django_admin_log_content_type_id_c4bce8eb_fk_django_co; Type: FK CONSTRAINT; Schema: public; Owner: alina
--

ALTER TABLE ONLY public.django_admin_log
    ADD CONSTRAINT django_admin_log_content_type_id_c4bce8eb_fk_django_co FOREIGN KEY (content_type_id) REFERENCES public.django_content_type(id) DEFERRABLE INITIALLY DEFERRED;


--
-- Name: django_admin_log django_admin_log_user_id_c564eba6_fk_auth_user_id; Type: FK CONSTRAINT; Schema: public; Owner: alina
--

ALTER TABLE ONLY public.django_admin_log
    ADD CONSTRAINT django_admin_log_user_id_c564eba6_fk_auth_user_id FOREIGN KEY (user_id) REFERENCES public.auth_user(id) DEFERRABLE INITIALLY DEFERRED;


--
-- Name: order order_client_id_id_560c33f7_fk_client_id; Type: FK CONSTRAINT; Schema: public; Owner: alina
--

ALTER TABLE ONLY public."order"
    ADD CONSTRAINT order_client_id_id_560c33f7_fk_client_id FOREIGN KEY (client_id_id) REFERENCES public.client(id) DEFERRABLE INITIALLY DEFERRED;


--
-- Name: order order_prod_id_id_3ae6b777_fk_product_id; Type: FK CONSTRAINT; Schema: public; Owner: alina
--

ALTER TABLE ONLY public."order"
    ADD CONSTRAINT order_prod_id_id_3ae6b777_fk_product_id FOREIGN KEY (prod_id_id) REFERENCES public.product(id) DEFERRABLE INITIALLY DEFERRED;


--
-- Name: product_discount product_discount_disc_id_id_d47c27f9_fk_discount_id; Type: FK CONSTRAINT; Schema: public; Owner: alina
--

ALTER TABLE ONLY public.product_discount
    ADD CONSTRAINT product_discount_disc_id_id_d47c27f9_fk_discount_id FOREIGN KEY (disc_id_id) REFERENCES public.discount(id) DEFERRABLE INITIALLY DEFERRED;


--
-- Name: product_discount product_discount_prod_id_id_bf9e4b52_fk_product_id; Type: FK CONSTRAINT; Schema: public; Owner: alina
--

ALTER TABLE ONLY public.product_discount
    ADD CONSTRAINT product_discount_prod_id_id_bf9e4b52_fk_product_id FOREIGN KEY (prod_id_id) REFERENCES public.product(id) DEFERRABLE INITIALLY DEFERRED;


--
-- PostgreSQL database dump complete
--

